article_author,article_content,article_date,article_id,article_title,ip,message_count,messages,url
POSES (POSES),"各位版上高手

最近房子擴建的差不多了
想開始規劃島上雜亂的樹
不知道大家都怎麼排列島上才不會這麼擠
（一開始選地圖選的不好 本島超級小( ；Д)
新樹要種3天不敢亂砍啊啊啊


可以給我一些建議嗎
謝謝打家



 https://www.ptt.cc/bbs/NSwitch/M.1585482246.A.943.html",Sun Mar 29 19:44:04 2020,M.1585482246.A.943,[閒聊] 動物森友會 島跟樹的規劃,180.218.68.214,"{'all': 66, 'count': 40, 'push': 40, 'boo': 0, 'neutral': 26}","[{'push_tag': '推', 'push_userid': 'horseorange', 'push_content': 'oxoxoxo排列 反正最後都要砍掉種外來種', 'push_ipdatetime': '03/29 19:45'}, {'push_tag': '推', 'push_userid': 'diding', 'push_content': '島大小都一樣吧  樹不想等的話就去無人島挖整顆回來也可以', 'push_ipdatetime': '03/29 19:46'}, {'push_tag': '推', 'push_userid': 'kk10894', 'push_content': '吃水果之後，用鏟子挖樹可以整顆移植，不會砍掉，看你愛', 'push_ipdatetime': '03/29 19:46'}, {'push_tag': '→', 'push_userid': 'kk10894', 'push_content': '怎麼移植規劃都可以', 'push_ipdatetime': '03/29 19:46'}, {'push_tag': '推', 'push_userid': 'cjo4fu31219', 'push_content': '慢慢來不要急 這款要玩很久的', 'push_ipdatetime': '03/29 19:49'}, {'push_tag': '推', 'push_userid': 'oo2830oo', 'push_content': '吃水果挖啊 npc講話不要再略過了', 'push_ipdatetime': '03/29 19:50'}, {'push_tag': '推', 'push_userid': 'goodga', 'push_content': '樹用挖的阿', 'push_ipdatetime': '03/29 19:51'}, {'push_tag': '推', 'push_userid': 'ice2240580', 'push_content': '花和樹都出島挖阿 基本款很常出現', 'push_ipdatetime': '03/29 19:58'}, {'push_tag': '推', 'push_userid': 'alloc', 'push_content': '可以等樹變大再搬 能種就能結果 或是苗種一天沒變就再移', 'push_ipdatetime': '03/29 19:59'}, {'push_tag': '→', 'push_userid': 'POSES', 'push_content': '啊我知道可以吃水果挖但還是心急砍掉幾棵了', 'push_ipdatetime': '03/29 20:06'}, {'push_tag': '→', 'push_userid': 'POSES', 'push_content': '很不會排列看到別人整齊的島就很羨慕QQ', 'push_ipdatetime': '03/29 20:07'}, {'push_tag': '推', 'push_userid': 'JJmouseGji4', 'push_content': '我強迫症爆發今天才登島第三天就花了一整天吃水果移', 'push_ipdatetime': '03/29 20:07'}, {'push_tag': '→', 'push_userid': 'JJmouseGji4', 'push_content': '樹', 'push_ipdatetime': '03/29 20:07'}, {'push_tag': '推', 'push_userid': 'watashiD', 'push_content': '我昨天移完了...開始搬房子跟畫路', 'push_ipdatetime': '03/29 20:18'}, {'push_tag': '推', 'push_userid': 'ryoma1', 'push_content': '想到要都更真的累@@', 'push_ipdatetime': '03/29 20:24'}, {'push_tag': '推', 'push_userid': 'ching1210', 'push_content': '移樹的話可以先用鏟子挖洞規劃好位置再種 比較不會跑掉', 'push_ipdatetime': '03/29 20:34'}, {'push_tag': '推', 'push_userid': 'shyshyan', 'push_content': '砍掉也沒差阿 放著上面不是會有甲蟲來 可以抓蟲', 'push_ipdatetime': '03/29 20:35'}, {'push_tag': '推', 'push_userid': 'killerj466', 'push_content': '所以竹子或是其他水果都可以挖過來侵害本土植物囉?', 'push_ipdatetime': '03/29 20:44'}, {'push_tag': '推', 'push_userid': 'fight40520', 'push_content': '明明就是來無人島渡假的 結果還是離不開社畜苦力的身', 'push_ipdatetime': '03/29 20:44'}, {'push_tag': '→', 'push_userid': 'fight40520', 'push_content': '份', 'push_ipdatetime': '03/29 20:44'}, {'push_tag': '推', 'push_userid': 'killerj466', 'push_content': '另外我覺得不會下水果的樹真的超廢....', 'push_ipdatetime': '03/29 20:47'}, {'push_tag': '→', 'push_userid': 'killerj466', 'push_content': '要木材水果樹也能辦到 用石斧敲就好', 'push_ipdatetime': '03/29 20:47'}, {'push_tag': '推', 'push_userid': 'tp950016', 'push_content': '就只是裝飾，而且四月好像會變櫻花', 'push_ipdatetime': '03/29 20:48'}, {'push_tag': '推', 'push_userid': 'Dkky', 'push_content': '闊葉樹春季有一段時間會變櫻花樹', 'push_ipdatetime': '03/29 20:48'}, {'push_tag': '推', 'push_userid': 'sabear', 'push_content': '不產水果的樹還是有用的 ex復活節活動將轉職櫻花樹(?', 'push_ipdatetime': '03/29 20:49'}, {'push_tag': '→', 'push_userid': 'horseorange', 'push_content': '闊葉樹跟針葉留個五顆意思一下後全砍了 然後其他水', 'push_ipdatetime': '03/29 20:49'}, {'push_tag': '→', 'push_userid': 'horseorange', 'push_content': '果都可以搬回來種 基本上外來種可以賣比較貴', 'push_ipdatetime': '03/29 20:49'}, {'push_tag': '推', 'push_userid': 'killerj466', 'push_content': '那本土水果樹怎麼種阿', 'push_ipdatetime': '03/29 20:51'}, {'push_tag': '→', 'push_userid': 'tp950016', 'push_content': '挖個洞，水果丟進去', 'push_ipdatetime': '03/29 20:52'}, {'push_tag': '推', 'push_userid': 'jimmylily', 'push_content': '秋天還有楓葉可以看啊', 'push_ipdatetime': '03/29 20:52'}, {'push_tag': '推', 'push_userid': 'killerj466', 'push_content': '原來要挖洞XD', 'push_ipdatetime': '03/29 20:53'}, {'push_tag': '→', 'push_userid': 'horseorange', 'push_content': '挖洞還要裝備鏟子 不然你們會對著早上挖的洞然後上', 'push_ipdatetime': '03/29 20:55'}, {'push_tag': '→', 'push_userid': 'horseorange', 'push_content': '來發文說為什麼不能種 還有旁邊要空一格樹才會長大', 'push_ipdatetime': '03/29 20:55'}, {'push_tag': '→', 'push_userid': 'chrissuen', 'push_content': '普通闊葉樹記著不要砍光，四月份有櫻花看', 'push_ipdatetime': '03/29 21:04'}, {'push_tag': '推', 'push_userid': 'Alano', 'push_content': '闊葉是櫻花跟楓樹(畢竟是日本遊戲', 'push_ipdatetime': '03/29 21:12'}, {'push_tag': '→', 'push_userid': 'Alano', 'push_content': '針葉只有12月可以放聖誕吊飾', 'push_ipdatetime': '03/29 21:12'}, {'push_tag': '推', 'push_userid': 'killerj466', 'push_content': '雖然沒有惡意 但還是砍光好了', 'push_ipdatetime': '03/29 21:18'}, {'push_tag': '→', 'push_userid': 's32244153', 'push_content': '闊葉不用留阿 每天種搖錢樹就會有一堆了', 'push_ipdatetime': '03/29 21:34'}, {'push_tag': '推', 'push_userid': 'aggressorX', 'push_content': '想知道為什麼我的竹子都不會生竹筍', 'push_ipdatetime': '03/29 21:43'}, {'push_tag': '推', 'push_userid': 'Mormory', 'push_content': '同樓上，我「感覺」是直接移植的不會生，要從竹筍開始種', 'push_ipdatetime': '03/29 21:46'}, {'push_tag': '推', 'push_userid': 'GK666', 'push_content': '是說主角是來殖民無人島的吧 不是來度假的', 'push_ipdatetime': '03/29 22:03'}, {'push_tag': '→', 'push_userid': 'sabear', 'push_content': '直接移植竹子的會生筍啦 試試各自移開一點 可能靠太近', 'push_ipdatetime': '03/29 22:13'}, {'push_tag': '→', 'push_userid': 'sabear', 'push_content': '還是記錯了? 竹筍/春筍倒是都能長成竹子', 'push_ipdatetime': '03/29 22:14'}, {'push_tag': '推', 'push_userid': 'jympin', 'push_content': '盡量砍吧，前期樹的用處不大，缺再去外島挖就有', 'push_ipdatetime': '03/29 22:40'}, {'push_tag': '推', 'push_userid': 'killerj466', 'push_content': '話說竹子可以幹嘛XD 目前沒有素材會用到', 'push_ipdatetime': '03/29 22:55'}, {'push_tag': '推', 'push_userid': 'carlos1203', 'push_content': '竹筍好像要五天，我有種到', 'push_ipdatetime': '03/29 22:55'}, {'push_tag': '推', 'push_userid': 'ryoma1', 'push_content': '可以做竹筍燈、竹取姑娘', 'push_ipdatetime': '03/29 22:57'}, {'push_tag': '→', 'push_userid': 'killerj466', 'push_content': '好吧 再等等 屯100個放倉', 'push_ipdatetime': '03/29 22:57'}, {'push_tag': '→', 'push_userid': 'chrissuen', 'push_content': '竹子是質材，晚一點就會有diy程式要用。還有春季限定', 'push_ipdatetime': '03/29 23:06'}, {'push_tag': '→', 'push_userid': 'chrissuen', 'push_content': '的春筍，也是素材', 'push_ipdatetime': '03/29 23:06'}, {'push_tag': '推', 'push_userid': 'GTMENG', 'push_content': '請問錢樹會一直長錢嗎？還是只會長一次？', 'push_ipdatetime': '03/29 23:06'}, {'push_tag': '推', 'push_userid': 'ryoma1', 'push_content': '一次限定', 'push_ipdatetime': '03/29 23:07'}, {'push_tag': '→', 'push_userid': 'chrissuen', 'push_content': '搖了一次錢就變成普通樹了。不過每天都有發光的洞可以', 'push_ipdatetime': '03/29 23:11'}, {'push_tag': '→', 'push_userid': 'chrissuen', 'push_content': '種', 'push_ipdatetime': '03/29 23:11'}, {'push_tag': '推', 'push_userid': 'GTMENG', 'push_content': '了解謝謝，我還特地把錢樹搬到家旁，看來可以砍了哈哈', 'push_ipdatetime': '03/29 23:13'}, {'push_tag': '→', 'push_userid': 'killerj466', 'push_content': '看來要會玩動森需要不少小技巧XD', 'push_ipdatetime': '03/29 23:15'}, {'push_tag': '→', 'push_userid': 'POSES', 'push_content': 'https://i.imgur.com/FygaQE4.png', 'push_ipdatetime': '03/29 23:28'}, {'push_tag': '→', 'push_userid': 'POSES', 'push_content': '朋友推薦我這樣斜的種 不過好累喔移了一個晚上還是很亂XDD', 'push_ipdatetime': '03/29 23:28'}, {'push_tag': '推', 'push_userid': 'kikyw', 'push_content': '可是闊葉樹會出傢俱耶', 'push_ipdatetime': '03/29 23:37'}, {'push_tag': '推', 'push_userid': 'plh0629', 'push_content': '竹子可以做蒸籠.....', 'push_ipdatetime': '03/29 23:40'}, {'push_tag': '推', 'push_userid': 'fir12378', 'push_content': '針葉也會有傢俱', 'push_ipdatetime': '03/29 23:55'}, {'push_tag': '推', 'push_userid': 'gentin', 'push_content': 'https://i.imgur.com/5iy9s50.jpg', 'push_ipdatetime': '03/30 00:24'}, {'push_tag': '→', 'push_userid': 'gentin', 'push_content': '做脆笛酥', 'push_ipdatetime': '03/30 00:24'}, {'push_tag': '推', 'push_userid': 'gentin', 'push_content': 'https://i.imgur.com/kGCOEjK.jpg', 'push_ipdatetime': '03/30 00:35'}, {'push_tag': '→', 'push_userid': 'gentin', 'push_content': '流水素麵(春筍7、木材5', 'push_ipdatetime': '03/30 00:35'}, {'push_tag': '推', 'push_userid': 'susuplay', 'push_content': '請問想種特殊顏色要重頭弄嗎?還是直接移植的就可', 'push_ipdatetime': '03/30 01:10'}]",https://www.ptt.cc/bbs/NSwitch/M.1585482246.A.943.html
